Cluster,O,C,E,A,N
0,7.432070949185046,5.891227229146692,4.171236816874405,7.130201342281889,7.9822147651006645
1,8.011664853101205,6.084134929270962,7.365397170837877,8.066158868335128,7.201523394994558
2,7.520183265010844,7.6360742705570255,5.147480106100805,8.206607185917527,5.709669640704131
3,8.282402372713772,7.520266930301525,7.91478002965891,8.583638161146773,4.390855165595661
4,7.841459854014578,6.2974452554744484,5.122481751824825,5.802773722627729,5.177080291970809
