Cluster,O,C,E,A,N
0,8.28552664814346,7.542258145996456,7.905531699924213,8.586461227582685,4.35549381156859
1,7.441019533111007,5.884135302525012,4.188899475940929,7.148118151500723,7.9885183420676515
2,8.003665373005612,6.100043122035377,7.402069857697286,8.07365243639497,7.161276412246652
3,7.5254100309008685,7.596814832422153,5.1496077965296045,8.208319467554075,5.695745186593781
4,7.851148999258693,6.327057079318008,5.105114899925881,5.7425500370644835,5.21356560415123
